address,baths,beds,built,desc,features,images,lat,long,plot,pools,price,price_freq,ref,type
Cumbre del Sol,1,2,92,BEGOÑA PL.BAJA CENTRAL,new_home;pool;alarm,https://galerias.vapf.com/dynamic/7820.1.DSC00465-1080-sn.jpg;https://galerias.vapf.com/dynamic/7822.1.DSC00466-1080-sn.jpg;https://galerias.vapf.com/dynamic/7824.1.DSC00468b-1080-sn.jpg;https://galerias.vapf.com/dynamic/7826.1.IMG_2576-1080-sn.jpg;https://galerias.vapf.com/dynamic/7828.1.IMG_9069bb-1080-sn.jpg;https://galerias.vapf.com/dynamic/7830.1.PA024138bb-1080-sn.jpg;https://galerias.vapf.com/dynamic/7835.1._IGP5669bb-1080sn.jpg;https://galerias.vapf.com/dynamic/7837.1.IMG_9059-bb-1080sn.jpg;https://galerias.vapf.com/dynamic/7839.1._IGP5659b-1080sn.jpg;https://galerias.vapf.com/dynamic/7937.1.IMG_5603-b-1080sn.jpg;https://galerias.vapf.com/dynamic/7941.1.IMG_5608-b-1080sn.jpg;https://galerias.vapf.com/dynamic/9807.1.DSCN1922-b-SN.jpg;https://galerias.vapf.com/dynamic/9811.1.P1060462.MOV.Imagen+fija003-SN.jpg;https://galerias.vapf.com/dynamic/9815.1._DSC6517-b-SN.jpg;https://galerias.vapf.com/dynamic/12577.1.IMG_1722-b-SN.jpg;https://galerias.vapf.com/dynamic/12581.1.IMG_1744-b-SN.jpg;https://galerias.vapf.com/dynamic/12585.1.IMG_1749-2-SN.jpg;https://galerias.vapf.com/dynamic/12001.1.IMG_8469-b-SN.jpg;https://galerias.vapf.com/dynamic/12005.1.IMG_8544-b-SN.jpg;https://galerias.vapf.com/dynamic/12009.1.IMG_8493-b-SN.jpg;https://galerias.vapf.com/dynamic/12013.1.IMG_8690-b-SN.jpg;https://galerias.vapf.com/dynamic/12017.1.IMG_8659-b-SN.jpg;https://galerias.vapf.com/dynamic/12021.1.IMG_8723-b-SN.jpg;https://galerias.vapf.com/dynamic/12025.1.IMG_8586-b-SN.jpg;https://galerias.vapf.com/dynamic/12029.1.IMG_8605-b-SN.jpg;https://galerias.vapf.com/dynamic/12033.1.IMG_8619-b-SN.jpg,38.703904,0.156768,0,1,152461,New Build,PG009,APARTAMENTO
Cumbre del Sol,1,2,92,BEGOÑA PL.BAJA CENTRAL,new_home;pool;alarm,https://galerias.vapf.com/dynamic/7820.1.DSC00465-1080-sn.jpg;https://galerias.vapf.com/dynamic/7822.1.DSC00466-1080-sn.jpg;https://galerias.vapf.com/dynamic/7824.1.DSC00468b-1080-sn.jpg;https://galerias.vapf.com/dynamic/7826.1.IMG_2576-1080-sn.jpg;https://galerias.vapf.com/dynamic/7828.1.IMG_9069bb-1080-sn.jpg;https://galerias.vapf.com/dynamic/7830.1.PA024138bb-1080-sn.jpg;https://galerias.vapf.com/dynamic/7835.1._IGP5669bb-1080sn.jpg;https://galerias.vapf.com/dynamic/7837.1.IMG_9059-bb-1080sn.jpg;https://galerias.vapf.com/dynamic/7839.1._IGP5659b-1080sn.jpg;https://galerias.vapf.com/dynamic/7937.1.IMG_5603-b-1080sn.jpg;https://galerias.vapf.com/dynamic/7941.1.IMG_5608-b-1080sn.jpg;https://galerias.vapf.com/dynamic/9807.1.DSCN1922-b-SN.jpg;https://galerias.vapf.com/dynamic/9811.1.P1060462.MOV.Imagen+fija003-SN.jpg;https://galerias.vapf.com/dynamic/9815.1._DSC6517-b-SN.jpg;https://galerias.vapf.com/dynamic/12577.1.IMG_1722-b-SN.jpg;https://galerias.vapf.com/dynamic/12581.1.IMG_1744-b-SN.jpg;https://galerias.vapf.com/dynamic/12585.1.IMG_1749-2-SN.jpg;https://galerias.vapf.com/dynamic/12001.1.IMG_8469-b-SN.jpg;https://galerias.vapf.com/dynamic/12005.1.IMG_8544-b-SN.jpg;https://galerias.vapf.com/dynamic/12009.1.IMG_8493-b-SN.jpg;https://galerias.vapf.com/dynamic/12013.1.IMG_8690-b-SN.jpg;https://galerias.vapf.com/dynamic/12017.1.IMG_8659-b-SN.jpg;https://galerias.vapf.com/dynamic/12021.1.IMG_8723-b-SN.jpg;https://galerias.vapf.com/dynamic/12025.1.IMG_8586-b-SN.jpg;https://galerias.vapf.com/dynamic/12029.1.IMG_8605-b-SN.jpg;https://galerias.vapf.com/dynamic/12033.1.IMG_8619-b-SN.jpg,38.703904,0.156768,0,1,163721,New Build,PG003,APARTAMENTO
Cumbre del Sol,1,2,104,BEGOÑA PL.ALTA CENTRAL,new_home;pool;alarm,https://galerias.vapf.com/dynamic/7820.1.DSC00465-1080-sn.jpg;https://galerias.vapf.com/dynamic/7822.1.DSC00466-1080-sn.jpg;https://galerias.vapf.com/dynamic/7824.1.DSC00468b-1080-sn.jpg;https://galerias.vapf.com/dynamic/7826.1.IMG_2576-1080-sn.jpg;https://galerias.vapf.com/dynamic/7828.1.IMG_9069bb-1080-sn.jpg;https://galerias.vapf.com/dynamic/7830.1.PA024138bb-1080-sn.jpg;https://galerias.vapf.com/dynamic/7835.1._IGP5669bb-1080sn.jpg;https://galerias.vapf.com/dynamic/7837.1.IMG_9059-bb-1080sn.jpg;https://galerias.vapf.com/dynamic/7839.1._IGP5659b-1080sn.jpg;https://galerias.vapf.com/dynamic/7937.1.IMG_5603-b-1080sn.jpg;https://galerias.vapf.com/dynamic/7941.1.IMG_5608-b-1080sn.jpg;https://galerias.vapf.com/dynamic/9807.1.DSCN1922-b-SN.jpg;https://galerias.vapf.com/dynamic/9811.1.P1060462.MOV.Imagen+fija003-SN.jpg;https://galerias.vapf.com/dynamic/9815.1._DSC6517-b-SN.jpg;https://galerias.vapf.com/dynamic/12577.1.IMG_1722-b-SN.jpg;https://galerias.vapf.com/dynamic/12581.1.IMG_1744-b-SN.jpg;https://galerias.vapf.com/dynamic/12585.1.IMG_1749-2-SN.jpg;https://galerias.vapf.com/dynamic/12001.1.IMG_8469-b-SN.jpg;https://galerias.vapf.com/dynamic/12005.1.IMG_8544-b-SN.jpg;https://galerias.vapf.com/dynamic/12009.1.IMG_8493-b-SN.jpg;https://galerias.vapf.com/dynamic/12013.1.IMG_8690-b-SN.jpg;https://galerias.vapf.com/dynamic/12017.1.IMG_8659-b-SN.jpg;https://galerias.vapf.com/dynamic/12021.1.IMG_8723-b-SN.jpg;https://galerias.vapf.com/dynamic/12025.1.IMG_8586-b-SN.jpg;https://galerias.vapf.com/dynamic/12029.1.IMG_8605-b-SN.jpg;https://galerias.vapf.com/dynamic/12033.1.IMG_8619-b-SN.jpg,38.703904,0.156768,0,1,169991,New Build,PG010,APARTAMENTO
Cumbre del Sol,1,2,104,BEGOÑA PL.ALTA CENTRAL,new_home;pool;alarm,https://galerias.vapf.com/dynamic/7820.1.DSC00465-1080-sn.jpg;https://galerias.vapf.com/dynamic/7822.1.DSC00466-1080-sn.jpg;https://galerias.vapf.com/dynamic/7824.1.DSC00468b-1080-sn.jpg;https://galerias.vapf.com/dynamic/7826.1.IMG_2576-1080-sn.jpg;https://galerias.vapf.com/dynamic/7828.1.IMG_9069bb-1080-sn.jpg;https://galerias.vapf.com/dynamic/7830.1.PA024138bb-1080-sn.jpg;https://galerias.vapf.com/dynamic/7835.1._IGP5669bb-1080sn.jpg;https://galerias.vapf.com/dynamic/7837.1.IMG_9059-bb-1080sn.jpg;https://galerias.vapf.com/dynamic/7839.1._IGP5659b-1080sn.jpg;https://galerias.vapf.com/dynamic/7937.1.IMG_5603-b-1080sn.jpg;https://galerias.vapf.com/dynamic/7941.1.IMG_5608-b-1080sn.jpg;https://galerias.vapf.com/dynamic/9807.1.DSCN1922-b-SN.jpg;https://galerias.vapf.com/dynamic/9811.1.P1060462.MOV.Imagen+fija003-SN.jpg;https://galerias.vapf.com/dynamic/9815.1._DSC6517-b-SN.jpg;https://galerias.vapf.com/dynamic/12577.1.IMG_1722-b-SN.jpg;https://galerias.vapf.com/dynamic/12581.1.IMG_1744-b-SN.jpg;https://galerias.vapf.com/dynamic/12585.1.IMG_1749-2-SN.jpg;https://galerias.vapf.com/dynamic/12001.1.IMG_8469-b-SN.jpg;https://galerias.vapf.com/dynamic/12005.1.IMG_8544-b-SN.jpg;https://galerias.vapf.com/dynamic/12009.1.IMG_8493-b-SN.jpg;https://galerias.vapf.com/dynamic/12013.1.IMG_8690-b-SN.jpg;https://galerias.vapf.com/dynamic/12017.1.IMG_8659-b-SN.jpg;https://galerias.vapf.com/dynamic/12021.1.IMG_8723-b-SN.jpg;https://galerias.vapf.com/dynamic/12025.1.IMG_8586-b-SN.jpg;https://galerias.vapf.com/dynamic/12029.1.IMG_8605-b-SN.jpg;https://galerias.vapf.com/dynamic/12033.1.IMG_8619-b-SN.jpg,38.703904,0.156768,0,1,182000,New Build,PG004,APARTAMENTO
Cumbre del Sol,2,2,105,EDURNE PL.BAJA LATERAL,new_home;pool;alarm,https://galerias.vapf.com/dynamic/7820.1.DSC00465-1080-sn.jpg;https://galerias.vapf.com/dynamic/7822.1.DSC00466-1080-sn.jpg;https://galerias.vapf.com/dynamic/7824.1.DSC00468b-1080-sn.jpg;https://galerias.vapf.com/dynamic/7826.1.IMG_2576-1080-sn.jpg;https://galerias.vapf.com/dynamic/7828.1.IMG_9069bb-1080-sn.jpg;https://galerias.vapf.com/dynamic/7830.1.PA024138bb-1080-sn.jpg;https://galerias.vapf.com/dynamic/7835.1._IGP5669bb-1080sn.jpg;https://galerias.vapf.com/dynamic/7837.1.IMG_9059-bb-1080sn.jpg;https://galerias.vapf.com/dynamic/7839.1._IGP5659b-1080sn.jpg;https://galerias.vapf.com/dynamic/7937.1.IMG_5603-b-1080sn.jpg;https://galerias.vapf.com/dynamic/7941.1.IMG_5608-b-1080sn.jpg;https://galerias.vapf.com/dynamic/9807.1.DSCN1922-b-SN.jpg;https://galerias.vapf.com/dynamic/9811.1.P1060462.MOV.Imagen+fija003-SN.jpg;https://galerias.vapf.com/dynamic/9815.1._DSC6517-b-SN.jpg;https://galerias.vapf.com/dynamic/12577.1.IMG_1722-b-SN.jpg;https://galerias.vapf.com/dynamic/12581.1.IMG_1744-b-SN.jpg;https://galerias.vapf.com/dynamic/12585.1.IMG_1749-2-SN.jpg;https://galerias.vapf.com/dynamic/12360.1.IMG_1374-b-SN.jpg;https://galerias.vapf.com/dynamic/12364.1.IMG_1402-b-SN.jpg;https://galerias.vapf.com/dynamic/12368.1.IMG_1508-b-SN.jpg;https://galerias.vapf.com/dynamic/12372.1.IMG_1543-b-SN.jpg;https://galerias.vapf.com/dynamic/12376.1.IMG_1556-b-SN.jpg;https://galerias.vapf.com/dynamic/12380.1.IMG_1590-b-SN.jpg;https://galerias.vapf.com/dynamic/12384.1.IMG_1613-b-SN.jpg;https://galerias.vapf.com/dynamic/12388.1.IMG_1463-b-SN.jpg;https://galerias.vapf.com/dynamic/12392.1.IMG_1454-b-SN.jpg;https://galerias.vapf.com/dynamic/12396.1.IMG_1387-b-SN.jpg;https://galerias.vapf.com/dynamic/12400.1.IMG_1394-b-SN.jpg;https://galerias.vapf.com/dynamic/12404.1.IMG_1434-b-SN.jpg;https://galerias.vapf.com/dynamic/12408.1.IMG_1487-b-SN.jpg;https://galerias.vapf.com/dynamic/12412.1.IMG_1524-b-SN.jpg;https://galerias.vapf.com/dynamic/12416.1.IMG_1534-b-SN.jpg;https://galerias.vapf.com/dynamic/12420.1.IMG_1549-b-SN.jpg;https://galerias.vapf.com/dynamic/12424.1.IMG_1567-b-SN.jpg;https://galerias.vapf.com/dynamic/12428.1.IMG_1637-b-SN.jpg;https://galerias.vapf.com/dynamic/12432.1.IMG_1686-b-SN.jpg,38.703904,0.156768,0,1,197001,New Build,PG007,APARTAMENTO
Cumbre del Sol,2,2,132,Planta Baja; Apart.21,new_home,https://galerias.vapf.com/dynamic/12065.1.DSC00465-1080-sn.jpg;https://galerias.vapf.com/dynamic/12069.1.DSC00466-1080-sn.jpg;https://galerias.vapf.com/dynamic/12073.1.DSC00468b-1080-sn.jpg;https://galerias.vapf.com/dynamic/12077.1.IMG_2576-1080-sn.jpg;https://galerias.vapf.com/dynamic/12081.1.DSCN1922-b-SN.jpg;https://galerias.vapf.com/dynamic/12085.1.P1060462.MOV.Imagen-fija003-SN.jpg;https://galerias.vapf.com/dynamic/12091.1.VISTA+POSTERIOR+final+4-SN.jpg;https://galerias.vapf.com/dynamic/12093.1.VISTA+PRINCIPAL+final+3-SN.jpg;https://galerias.vapf.com/dynamic/12215.1.VISTA+TERRAZA+final+D-SN.jpg;https://galerias.vapf.com/dynamic/12589.1.IMG_1722-b-SN.jpg;https://galerias.vapf.com/dynamic/12593.1.IMG_1744-b-SN.jpg;https://galerias.vapf.com/dynamic/12597.1.IMG_1749-2-SN.jpg;https://galerias.vapf.com/dynamic/12601.1.IMG_1315-b-SN.jpg;https://galerias.vapf.com/dynamic/12605.1.IMG_1341-b-SN.jpg;https://galerias.vapf.com/dynamic/12128.1.VISTA+PRINCIPAL+final+3-SN.jpg;https://galerias.vapf.com/dynamic/12132.1.VISTA+PRINCIPAL+final+3-SN.jpg;https://galerias.vapf.com/dynamic/12136.1.VISTA+TERRAZA+final+D-SN.jpg;https://galerias.vapf.com/dynamic/12140.1.VISTA+INTERIOR+SALON+4-SN.jpg;https://galerias.vapf.com/dynamic/12144.1.VISTA+DORMITORIO+final-SN.jpg;https://galerias.vapf.com/dynamic/12148.1.VISTA+DETALLE+COCINA_final_bis+2-SN.jpg,38.703904,0.156768,0,0,217356,New Build,PG021,APARTAMENTO
Cumbre del Sol,2,2,142,Planta Baja; Apart.23,new_home,https://galerias.vapf.com/dynamic/12065.1.DSC00465-1080-sn.jpg;https://galerias.vapf.com/dynamic/12069.1.DSC00466-1080-sn.jpg;https://galerias.vapf.com/dynamic/12073.1.DSC00468b-1080-sn.jpg;https://galerias.vapf.com/dynamic/12077.1.IMG_2576-1080-sn.jpg;https://galerias.vapf.com/dynamic/12081.1.DSCN1922-b-SN.jpg;https://galerias.vapf.com/dynamic/12085.1.P1060462.MOV.Imagen-fija003-SN.jpg;https://galerias.vapf.com/dynamic/12091.1.VISTA+POSTERIOR+final+4-SN.jpg;https://galerias.vapf.com/dynamic/12093.1.VISTA+PRINCIPAL+final+3-SN.jpg;https://galerias.vapf.com/dynamic/12215.1.VISTA+TERRAZA+final+D-SN.jpg;https://galerias.vapf.com/dynamic/12589.1.IMG_1722-b-SN.jpg;https://galerias.vapf.com/dynamic/12593.1.IMG_1744-b-SN.jpg;https://galerias.vapf.com/dynamic/12597.1.IMG_1749-2-SN.jpg;https://galerias.vapf.com/dynamic/12601.1.IMG_1315-b-SN.jpg;https://galerias.vapf.com/dynamic/12605.1.IMG_1341-b-SN.jpg;https://galerias.vapf.com/dynamic/12128.1.VISTA+PRINCIPAL+final+3-SN.jpg;https://galerias.vapf.com/dynamic/12132.1.VISTA+PRINCIPAL+final+3-SN.jpg;https://galerias.vapf.com/dynamic/12136.1.VISTA+TERRAZA+final+D-SN.jpg;https://galerias.vapf.com/dynamic/12140.1.VISTA+INTERIOR+SALON+4-SN.jpg;https://galerias.vapf.com/dynamic/12144.1.VISTA+DORMITORIO+final-SN.jpg;https://galerias.vapf.com/dynamic/12148.1.VISTA+DETALLE+COCINA_final_bis+2-SN.jpg,38.703904,0.156768,0,0,229418,New Build,PG023,APARTAMENTO
Cumbre del Sol,2,2,157,Planta Baja; Apart.19,new_home,https://galerias.vapf.com/dynamic/12065.1.DSC00465-1080-sn.jpg;https://galerias.vapf.com/dynamic/12069.1.DSC00466-1080-sn.jpg;https://galerias.vapf.com/dynamic/12073.1.DSC00468b-1080-sn.jpg;https://galerias.vapf.com/dynamic/12077.1.IMG_2576-1080-sn.jpg;https://galerias.vapf.com/dynamic/12081.1.DSCN1922-b-SN.jpg;https://galerias.vapf.com/dynamic/12085.1.P1060462.MOV.Imagen-fija003-SN.jpg;https://galerias.vapf.com/dynamic/12091.1.VISTA+POSTERIOR+final+4-SN.jpg;https://galerias.vapf.com/dynamic/12093.1.VISTA+PRINCIPAL+final+3-SN.jpg;https://galerias.vapf.com/dynamic/12215.1.VISTA+TERRAZA+final+D-SN.jpg;https://galerias.vapf.com/dynamic/12589.1.IMG_1722-b-SN.jpg;https://galerias.vapf.com/dynamic/12593.1.IMG_1744-b-SN.jpg;https://galerias.vapf.com/dynamic/12597.1.IMG_1749-2-SN.jpg;https://galerias.vapf.com/dynamic/12601.1.IMG_1315-b-SN.jpg;https://galerias.vapf.com/dynamic/12605.1.IMG_1341-b-SN.jpg;https://galerias.vapf.com/dynamic/12128.1.VISTA+PRINCIPAL+final+3-SN.jpg;https://galerias.vapf.com/dynamic/12132.1.VISTA+PRINCIPAL+final+3-SN.jpg;https://galerias.vapf.com/dynamic/12136.1.VISTA+TERRAZA+final+D-SN.jpg;https://galerias.vapf.com/dynamic/12140.1.VISTA+INTERIOR+SALON+4-SN.jpg;https://galerias.vapf.com/dynamic/12144.1.VISTA+DORMITORIO+final-SN.jpg;https://galerias.vapf.com/dynamic/12148.1.VISTA+DETALLE+COCINA_final_bis+2-SN.jpg,38.703904,0.156768,0,0,272165,New Build,PG019,APARTAMENTO
Cumbre del Sol,2,3,246,Modelo B; Planta -2 Dcha,new_home,https://galerias.vapf.com/dynamic/12664.1.2V5A6895-SN.jpg;https://galerias.vapf.com/dynamic/12668.1.2V5A6831-SN.jpg;https://galerias.vapf.com/dynamic/12672.1.2V5A6739-SN.jpg;https://galerias.vapf.com/dynamic/12676.1.2V5A6708-SN.jpg;https://galerias.vapf.com/dynamic/12682.1.PILOTO_06_Panoramica_01-SN.jpg;https://galerias.vapf.com/dynamic/12686.1.2V5A6957-SN.jpg;https://galerias.vapf.com/dynamic/12690.1.2V5A6932-SN.jpg;https://galerias.vapf.com/dynamic/12692.1.PILOTO_06_Panoramica_01-SN.jpg,38.713936,0.15871,0,0,462000,New Build,RFC20,APARTAMENTO
Cumbre del Sol,2,3,246,Modelo B; Planta -3 Dcha,new_home,https://galerias.vapf.com/dynamic/12664.1.2V5A6895-SN.jpg;https://galerias.vapf.com/dynamic/12668.1.2V5A6831-SN.jpg;https://galerias.vapf.com/dynamic/12672.1.2V5A6739-SN.jpg;https://galerias.vapf.com/dynamic/12676.1.2V5A6708-SN.jpg;https://galerias.vapf.com/dynamic/12682.1.PILOTO_06_Panoramica_01-SN.jpg;https://galerias.vapf.com/dynamic/12686.1.2V5A6957-SN.jpg;https://galerias.vapf.com/dynamic/12690.1.2V5A6932-SN.jpg;https://galerias.vapf.com/dynamic/12692.1.PILOTO_06_Panoramica_01-SN.jpg,38.713936,0.15871,0,0,462000,New Build,RFC23,APARTAMENTO
Cumbre del Sol,2,3,246,Modelo B; Planta -1 Izq,new_home,https://galerias.vapf.com/dynamic/12664.1.2V5A6895-SN.jpg;https://galerias.vapf.com/dynamic/12668.1.2V5A6831-SN.jpg;https://galerias.vapf.com/dynamic/12672.1.2V5A6739-SN.jpg;https://galerias.vapf.com/dynamic/12676.1.2V5A6708-SN.jpg;https://galerias.vapf.com/dynamic/12682.1.PILOTO_06_Panoramica_01-SN.jpg;https://galerias.vapf.com/dynamic/12686.1.2V5A6957-SN.jpg;https://galerias.vapf.com/dynamic/12690.1.2V5A6932-SN.jpg;https://galerias.vapf.com/dynamic/12692.1.PILOTO_06_Panoramica_01-SN.jpg,38.713936,0.15871,0,0,478000,New Build,RFC14,APARTAMENTO
Cumbre del Sol,2,3,246,Modelo B; Planta -1 Dcha,new_home,https://galerias.vapf.com/dynamic/12664.1.2V5A6895-SN.jpg;https://galerias.vapf.com/dynamic/12668.1.2V5A6831-SN.jpg;https://galerias.vapf.com/dynamic/12672.1.2V5A6739-SN.jpg;https://galerias.vapf.com/dynamic/12676.1.2V5A6708-SN.jpg;https://galerias.vapf.com/dynamic/12682.1.PILOTO_06_Panoramica_01-SN.jpg;https://galerias.vapf.com/dynamic/12686.1.2V5A6957-SN.jpg;https://galerias.vapf.com/dynamic/12690.1.2V5A6932-SN.jpg;https://galerias.vapf.com/dynamic/12692.1.PILOTO_06_Panoramica_01-SN.jpg,38.713936,0.15871,0,0,478000,New Build,RFC17,APARTAMENTO
Cumbre del Sol,2,3,259,Modelo C; Planta -2 Dcha,new_home,https://galerias.vapf.com/dynamic/12664.1.2V5A6895-SN.jpg;https://galerias.vapf.com/dynamic/12668.1.2V5A6831-SN.jpg;https://galerias.vapf.com/dynamic/12672.1.2V5A6739-SN.jpg;https://galerias.vapf.com/dynamic/12676.1.2V5A6708-SN.jpg;https://galerias.vapf.com/dynamic/12682.1.PILOTO_06_Panoramica_01-SN.jpg;https://galerias.vapf.com/dynamic/12686.1.2V5A6957-SN.jpg;https://galerias.vapf.com/dynamic/12690.1.2V5A6932-SN.jpg;https://galerias.vapf.com/dynamic/12692.1.PILOTO_06_Panoramica_01-SN.jpg,38.713936,0.15871,0,0,483000,New Build,RFC19,APARTAMENTO
Cumbre del Sol,2,3,259,Modelo C; Planta -3 Dcha,new_home,https://galerias.vapf.com/dynamic/12664.1.2V5A6895-SN.jpg;https://galerias.vapf.com/dynamic/12668.1.2V5A6831-SN.jpg;https://galerias.vapf.com/dynamic/12672.1.2V5A6739-SN.jpg;https://galerias.vapf.com/dynamic/12676.1.2V5A6708-SN.jpg;https://galerias.vapf.com/dynamic/12682.1.PILOTO_06_Panoramica_01-SN.jpg;https://galerias.vapf.com/dynamic/12686.1.2V5A6957-SN.jpg;https://galerias.vapf.com/dynamic/12690.1.2V5A6932-SN.jpg;https://galerias.vapf.com/dynamic/12692.1.PILOTO_06_Panoramica_01-SN.jpg,38.713936,0.15871,0,0,483000,New Build,RFC22,APARTAMENTO
Cumbre del Sol,2,3,259,Modelo C; Planta -1 Izq,new_home,https://galerias.vapf.com/dynamic/12664.1.2V5A6895-SN.jpg;https://galerias.vapf.com/dynamic/12668.1.2V5A6831-SN.jpg;https://galerias.vapf.com/dynamic/12672.1.2V5A6739-SN.jpg;https://galerias.vapf.com/dynamic/12676.1.2V5A6708-SN.jpg;https://galerias.vapf.com/dynamic/12682.1.PILOTO_06_Panoramica_01-SN.jpg;https://galerias.vapf.com/dynamic/12686.1.2V5A6957-SN.jpg;https://galerias.vapf.com/dynamic/12690.1.2V5A6932-SN.jpg;https://galerias.vapf.com/dynamic/12692.1.PILOTO_06_Panoramica_01-SN.jpg,38.713936,0.15871,0,0,488000,New Build,RFC15,APARTAMENTO
Cumbre del Sol,2,3,259,Modelo C; Planta 0 Izq,new_home,https://galerias.vapf.com/dynamic/12664.1.2V5A6895-SN.jpg;https://galerias.vapf.com/dynamic/12668.1.2V5A6831-SN.jpg;https://galerias.vapf.com/dynamic/12672.1.2V5A6739-SN.jpg;https://galerias.vapf.com/dynamic/12676.1.2V5A6708-SN.jpg;https://galerias.vapf.com/dynamic/12682.1.PILOTO_06_Panoramica_01-SN.jpg;https://galerias.vapf.com/dynamic/12686.1.2V5A6957-SN.jpg;https://galerias.vapf.com/dynamic/12690.1.2V5A6932-SN.jpg;https://galerias.vapf.com/dynamic/12692.1.PILOTO_06_Panoramica_01-SN.jpg,38.713936,0.15871,0,0,499000,New Build,RFC09,APARTAMENTO
Cumbre del Sol,2,3,259,Modelo C; Planta -1 Dcha,new_home,https://galerias.vapf.com/dynamic/12664.1.2V5A6895-SN.jpg;https://galerias.vapf.com/dynamic/12668.1.2V5A6831-SN.jpg;https://galerias.vapf.com/dynamic/12672.1.2V5A6739-SN.jpg;https://galerias.vapf.com/dynamic/12676.1.2V5A6708-SN.jpg;https://galerias.vapf.com/dynamic/12682.1.PILOTO_06_Panoramica_01-SN.jpg;https://galerias.vapf.com/dynamic/12686.1.2V5A6957-SN.jpg;https://galerias.vapf.com/dynamic/12690.1.2V5A6932-SN.jpg;https://galerias.vapf.com/dynamic/12692.1.PILOTO_06_Panoramica_01-SN.jpg,38.713936,0.15871,0,0,499000,New Build,RFC16,APARTAMENTO
Cumbre del Sol,2,2,228,Modelo B; Planta 5 Izq,new_home;pool;sauna;home_automation;video_surveillance;audio_multiroom;alarm;interior_design_project,https://galerias.vapf.com/dynamic/10917.1.IMG_8074-SN.jpg;https://galerias.vapf.com/dynamic/10922.1.IMG_8060-SN.jpg;https://galerias.vapf.com/dynamic/10926.1.IMG_8052-SN.jpg;https://galerias.vapf.com/dynamic/10930.1.IMG_8038-SN.jpg;https://galerias.vapf.com/dynamic/10934.1.IMG_8022-SN.jpg;https://galerias.vapf.com/dynamic/10938.1.IMG_8013-SN.jpg;https://galerias.vapf.com/dynamic/10942.1.IMG_7995-SN.jpg;https://galerias.vapf.com/dynamic/10946.1.IMG_7970-SN.jpg;https://galerias.vapf.com/dynamic/10950.1.IMG_7959-SN.jpg;https://galerias.vapf.com/dynamic/10954.1.IMG_7941-SN.jpg;https://galerias.vapf.com/dynamic/10960.1.IMG_8101-SN.jpg;https://galerias.vapf.com/dynamic/11062.1.IMG_8749-SN.jpg;https://galerias.vapf.com/dynamic/11066.1.IMG_8755-SN.jpg,38.713936,0.15871,0,1,513000,New Build,RFA02,APARTAMENTO
Cumbre del Sol,2,3,246,Modelo B; Planta 0 Izq,new_home,https://galerias.vapf.com/dynamic/12664.1.2V5A6895-SN.jpg;https://galerias.vapf.com/dynamic/12668.1.2V5A6831-SN.jpg;https://galerias.vapf.com/dynamic/12672.1.2V5A6739-SN.jpg;https://galerias.vapf.com/dynamic/12676.1.2V5A6708-SN.jpg;https://galerias.vapf.com/dynamic/12682.1.PILOTO_06_Panoramica_01-SN.jpg;https://galerias.vapf.com/dynamic/12686.1.2V5A6957-SN.jpg;https://galerias.vapf.com/dynamic/12690.1.2V5A6932-SN.jpg;https://galerias.vapf.com/dynamic/12692.1.PILOTO_06_Panoramica_01-SN.jpg,38.713936,0.15871,0,0,513000,New Build,RFC08,APARTAMENTO
Cumbre del Sol,2,3,246,Modelo B; Planta 0 Dcha,new_home,https://galerias.vapf.com/dynamic/12664.1.2V5A6895-SN.jpg;https://galerias.vapf.com/dynamic/12668.1.2V5A6831-SN.jpg;https://galerias.vapf.com/dynamic/12672.1.2V5A6739-SN.jpg;https://galerias.vapf.com/dynamic/12676.1.2V5A6708-SN.jpg;https://galerias.vapf.com/dynamic/12682.1.PILOTO_06_Panoramica_01-SN.jpg;https://galerias.vapf.com/dynamic/12686.1.2V5A6957-SN.jpg;https://galerias.vapf.com/dynamic/12690.1.2V5A6932-SN.jpg;https://galerias.vapf.com/dynamic/12692.1.PILOTO_06_Panoramica_01-SN.jpg,38.713936,0.15871,0,0,513000,New Build,RFC11,APARTAMENTO
Cumbre del Sol,2,3,247,Modelo B; Planta 4 Dcha.,new_home;pool;sauna;home_automation;video_surveillance;audio_multiroom;alarm;interior_design_project,https://galerias.vapf.com/dynamic/11477.1.GRUPO+VAPF+-+BLUE+INFINITY+-+00+-+COCINA+VISTA+A+TERRAZA+-+BAMBU-SN.jpg;https://galerias.vapf.com/dynamic/11481.1.GRUPO+VAPF+-+BLUE+INFINITY+-+00+-+BA%C3%91O+PRINCIPAL-SN.jpg;https://galerias.vapf.com/dynamic/11485.1.GRUPO+VAPF+-+BLUE+INFINITY+-+00+-+COCINA+VISTA+A+TERRAZA+-+MARMOL+BLANCO-SN.jpg;https://galerias.vapf.com/dynamic/11489.1.GRUPO+VAPF+-+BLUE+INFINITY+-+00+-+COCINA+VISTA+FRONTAL+-+BAMBU-SN.jpg;https://galerias.vapf.com/dynamic/11493.1.GRUPO+VAPF+-+BLUE+INFINITY+-+00+-+COCINA+VISTA+FRONTAL+-+MARMOL+BLANCO-SN.jpg;https://galerias.vapf.com/dynamic/11497.1.GRUPO+VAPF+-+BLUE+INFINITY+-+00+-+HABITACION+2+VISTA+ARMARIO+-+DM+BLANCO-SN.jpg;https://galerias.vapf.com/dynamic/11501.1.GRUPO+VAPF+-+BLUE+INFINITY+-+00+-+HABITACION+2+VISTA+CABEZAL-SN.jpg;https://galerias.vapf.com/dynamic/11506.1.GRUPO+VAPF+-+BLUE+INFINITY+-+00+-+HABITACION+PRINCIPAL+VISTA+CABEZAL+-+BAMBU-SN.jpg;https://galerias.vapf.com/dynamic/11510.1.GRUPO+VAPF+-+BLUE+INFINITY+-+00+-+HABITACION+PRINCIPAL+VISTA+FRONTAL+-+BAMBU-SN.jpg;https://galerias.vapf.com/dynamic/11514.1.GRUPO+VAPF+-+BLUE+INFINITY+-+00+-+SALON+VISTA+TV+-+BAMBU-SN.jpg;https://galerias.vapf.com/dynamic/11518.1.GRUPO+VAPF+-+BLUE+INFINITY+-+00+-+SALON+VISTA+TV+-+MARMOL+BLANCO-SN.jpg;https://galerias.vapf.com/dynamic/11522.1.2V5A4225-SN.jpg;https://galerias.vapf.com/dynamic/11526.1.2V5A4358-SN.jpg;https://galerias.vapf.com/dynamic/11530.1.2V5A4360-SN.jpg,38.713936,0.15871,0,1,525000,New Build,RFB11,APARTAMENTO
Cumbre del Sol,2,2,228,Modelo B; Planta 5 Dcha.,new_home;pool;sauna;home_automation;video_surveillance;audio_multiroom;alarm;interior_design_project,https://galerias.vapf.com/dynamic/9236.1.VISTA+DESDE+TERRAZA+BLUE+INFINITY-SN.jpg;https://galerias.vapf.com/dynamic/9240.1.Panorama_sin_t%C3%ADtulo1-b-SN.jpg;https://galerias.vapf.com/dynamic/9244.1.VISTA+GENERAL+BLUE+INFITNITY-SN.jpg;https://galerias.vapf.com/dynamic/9387.1.VISTA+GENERAL+DETALLE+PISCINA-SN.jpg;https://galerias.vapf.com/dynamic/9416.1.VISTA+DETALLE+PISCINA+COMUNITARIA+2-SN.jpg;https://galerias.vapf.com/dynamic/9420.1.VISTA+DETALLE+PISCINA+COMUNITARIA-SN.jpg;https://galerias.vapf.com/dynamic/9425.1.VISTA+INTERIOR+SPA+ILUMINADO-SN.jpg;https://galerias.vapf.com/dynamic/9429.1.VISTA+POSTERIOR+6+NIT-SN.jpg;https://galerias.vapf.com/dynamic/12649.1.2V5A6968-SN.jpg;https://galerias.vapf.com/dynamic/12653.1.2V5A7002-SN.jpg,38.713936,0.15871,0,1,526600,New Build,RFA05,APARTAMENTO
Cumbre del Sol,2,3,259,Modelo C; Planta 5 Izq.,new_home;pool;sauna;home_automation;video_surveillance;audio_multiroom;alarm;interior_design_project,https://galerias.vapf.com/dynamic/11477.1.GRUPO+VAPF+-+BLUE+INFINITY+-+00+-+COCINA+VISTA+A+TERRAZA+-+BAMBU-SN.jpg;https://galerias.vapf.com/dynamic/11481.1.GRUPO+VAPF+-+BLUE+INFINITY+-+00+-+BA%C3%91O+PRINCIPAL-SN.jpg;https://galerias.vapf.com/dynamic/11485.1.GRUPO+VAPF+-+BLUE+INFINITY+-+00+-+COCINA+VISTA+A+TERRAZA+-+MARMOL+BLANCO-SN.jpg;https://galerias.vapf.com/dynamic/11489.1.GRUPO+VAPF+-+BLUE+INFINITY+-+00+-+COCINA+VISTA+FRONTAL+-+BAMBU-SN.jpg;https://galerias.vapf.com/dynamic/11493.1.GRUPO+VAPF+-+BLUE+INFINITY+-+00+-+COCINA+VISTA+FRONTAL+-+MARMOL+BLANCO-SN.jpg;https://galerias.vapf.com/dynamic/11497.1.GRUPO+VAPF+-+BLUE+INFINITY+-+00+-+HABITACION+2+VISTA+ARMARIO+-+DM+BLANCO-SN.jpg;https://galerias.vapf.com/dynamic/11501.1.GRUPO+VAPF+-+BLUE+INFINITY+-+00+-+HABITACION+2+VISTA+CABEZAL-SN.jpg;https://galerias.vapf.com/dynamic/11506.1.GRUPO+VAPF+-+BLUE+INFINITY+-+00+-+HABITACION+PRINCIPAL+VISTA+CABEZAL+-+BAMBU-SN.jpg;https://galerias.vapf.com/dynamic/11510.1.GRUPO+VAPF+-+BLUE+INFINITY+-+00+-+HABITACION+PRINCIPAL+VISTA+FRONTAL+-+BAMBU-SN.jpg;https://galerias.vapf.com/dynamic/11514.1.GRUPO+VAPF+-+BLUE+INFINITY+-+00+-+SALON+VISTA+TV+-+BAMBU-SN.jpg;https://galerias.vapf.com/dynamic/11518.1.GRUPO+VAPF+-+BLUE+INFINITY+-+00+-+SALON+VISTA+TV+-+MARMOL+BLANCO-SN.jpg;https://galerias.vapf.com/dynamic/11522.1.2V5A4225-SN.jpg;https://galerias.vapf.com/dynamic/11526.1.2V5A4358-SN.jpg;https://galerias.vapf.com/dynamic/11530.1.2V5A4360-SN.jpg,38.713936,0.15871,0,1,535500,New Build,RFB03,APARTAMENTO
Cumbre del Sol,2,3,259,Modelo C; Planta 0 Dcha,new_home,https://galerias.vapf.com/dynamic/12664.1.2V5A6895-SN.jpg;https://galerias.vapf.com/dynamic/12668.1.2V5A6831-SN.jpg;https://galerias.vapf.com/dynamic/12672.1.2V5A6739-SN.jpg;https://galerias.vapf.com/dynamic/12676.1.2V5A6708-SN.jpg;https://galerias.vapf.com/dynamic/12682.1.PILOTO_06_Panoramica_01-SN.jpg;https://galerias.vapf.com/dynamic/12686.1.2V5A6957-SN.jpg;https://galerias.vapf.com/dynamic/12690.1.2V5A6932-SN.jpg;https://galerias.vapf.com/dynamic/12692.1.PILOTO_06_Panoramica_01-SN.jpg,38.713936,0.15871,0,0,536000,New Build,RFC10,APARTAMENTO
Cumbre del Sol,2,3,246,Modelo B; Planta +1 Izq,new_home,https://galerias.vapf.com/dynamic/12664.1.2V5A6895-SN.jpg;https://galerias.vapf.com/dynamic/12668.1.2V5A6831-SN.jpg;https://galerias.vapf.com/dynamic/12672.1.2V5A6739-SN.jpg;https://galerias.vapf.com/dynamic/12676.1.2V5A6708-SN.jpg;https://galerias.vapf.com/dynamic/12682.1.PILOTO_06_Panoramica_01-SN.jpg;https://galerias.vapf.com/dynamic/12686.1.2V5A6957-SN.jpg;https://galerias.vapf.com/dynamic/12690.1.2V5A6932-SN.jpg;https://galerias.vapf.com/dynamic/12692.1.PILOTO_06_Panoramica_01-SN.jpg,38.713936,0.15871,0,0,555000,New Build,RFC02,APARTAMENTO
Cumbre del Sol,2,3,246,Modelo B; Planta +1 Dcha,new_home,https://galerias.vapf.com/dynamic/12664.1.2V5A6895-SN.jpg;https://galerias.vapf.com/dynamic/12668.1.2V5A6831-SN.jpg;https://galerias.vapf.com/dynamic/12672.1.2V5A6739-SN.jpg;https://galerias.vapf.com/dynamic/12676.1.2V5A6708-SN.jpg;https://galerias.vapf.com/dynamic/12682.1.PILOTO_06_Panoramica_01-SN.jpg;https://galerias.vapf.com/dynamic/12686.1.2V5A6957-SN.jpg;https://galerias.vapf.com/dynamic/12690.1.2V5A6932-SN.jpg;https://galerias.vapf.com/dynamic/12692.1.PILOTO_06_Panoramica_01-SN.jpg,38.713936,0.15871,0,0,555000,New Build,RFC05,APARTAMENTO
Cumbre del Sol,2,3,259,Modelo C; Planta +1 Izq,new_home,https://galerias.vapf.com/dynamic/12664.1.2V5A6895-SN.jpg;https://galerias.vapf.com/dynamic/12668.1.2V5A6831-SN.jpg;https://galerias.vapf.com/dynamic/12672.1.2V5A6739-SN.jpg;https://galerias.vapf.com/dynamic/12676.1.2V5A6708-SN.jpg;https://galerias.vapf.com/dynamic/12682.1.PILOTO_06_Panoramica_01-SN.jpg;https://galerias.vapf.com/dynamic/12686.1.2V5A6957-SN.jpg;https://galerias.vapf.com/dynamic/12690.1.2V5A6932-SN.jpg;https://galerias.vapf.com/dynamic/12692.1.PILOTO_06_Panoramica_01-SN.jpg,38.713936,0.15871,0,0,566000,New Build,RFC03,APARTAMENTO
Cumbre del Sol,3,3,317,Modelo A+; Planta -1 Izq,new_home,https://galerias.vapf.com/dynamic/12664.1.2V5A6895-SN.jpg;https://galerias.vapf.com/dynamic/12668.1.2V5A6831-SN.jpg;https://galerias.vapf.com/dynamic/12672.1.2V5A6739-SN.jpg;https://galerias.vapf.com/dynamic/12676.1.2V5A6708-SN.jpg;https://galerias.vapf.com/dynamic/12682.1.PILOTO_06_Panoramica_01-SN.jpg;https://galerias.vapf.com/dynamic/12686.1.2V5A6957-SN.jpg;https://galerias.vapf.com/dynamic/12690.1.2V5A6932-SN.jpg;https://galerias.vapf.com/dynamic/12692.1.PILOTO_06_Panoramica_01-SN.jpg,38.713936,0.15871,0,0,575000,New Build,RFC13,APARTAMENTO
Cumbre del Sol,3,3,317,Modelo A+; Planta -1 Dcha,new_home,https://galerias.vapf.com/dynamic/12664.1.2V5A6895-SN.jpg;https://galerias.vapf.com/dynamic/12668.1.2V5A6831-SN.jpg;https://galerias.vapf.com/dynamic/12672.1.2V5A6739-SN.jpg;https://galerias.vapf.com/dynamic/12676.1.2V5A6708-SN.jpg;https://galerias.vapf.com/dynamic/12682.1.PILOTO_06_Panoramica_01-SN.jpg;https://galerias.vapf.com/dynamic/12686.1.2V5A6957-SN.jpg;https://galerias.vapf.com/dynamic/12690.1.2V5A6932-SN.jpg;https://galerias.vapf.com/dynamic/12692.1.PILOTO_06_Panoramica_01-SN.jpg,38.713936,0.15871,0,0,575000,New Build,RFC18,APARTAMENTO
Cumbre del Sol,2,3,259,Modelo C; Planta +1 Dcha,new_home,https://galerias.vapf.com/dynamic/12664.1.2V5A6895-SN.jpg;https://galerias.vapf.com/dynamic/12668.1.2V5A6831-SN.jpg;https://galerias.vapf.com/dynamic/12672.1.2V5A6739-SN.jpg;https://galerias.vapf.com/dynamic/12676.1.2V5A6708-SN.jpg;https://galerias.vapf.com/dynamic/12682.1.PILOTO_06_Panoramica_01-SN.jpg;https://galerias.vapf.com/dynamic/12686.1.2V5A6957-SN.jpg;https://galerias.vapf.com/dynamic/12690.1.2V5A6932-SN.jpg;https://galerias.vapf.com/dynamic/12692.1.PILOTO_06_Panoramica_01-SN.jpg,38.713936,0.15871,0,0,578000,New Build,RFC04,APARTAMENTO
Cumbre del Sol,3,3,292,Modelo A; Planta -2 Dcha,new_home,https://galerias.vapf.com/dynamic/12664.1.2V5A6895-SN.jpg;https://galerias.vapf.com/dynamic/12668.1.2V5A6831-SN.jpg;https://galerias.vapf.com/dynamic/12672.1.2V5A6739-SN.jpg;https://galerias.vapf.com/dynamic/12676.1.2V5A6708-SN.jpg;https://galerias.vapf.com/dynamic/12682.1.PILOTO_06_Panoramica_01-SN.jpg;https://galerias.vapf.com/dynamic/12686.1.2V5A6957-SN.jpg;https://galerias.vapf.com/dynamic/12690.1.2V5A6932-SN.jpg;https://galerias.vapf.com/dynamic/12692.1.PILOTO_06_Panoramica_01-SN.jpg,38.713936,0.15871,0,0,580000,New Build,RFC21,APARTAMENTO
Cumbre del Sol,3,3,317,Modelo A+; Planta -3 Dcha,new_home,https://galerias.vapf.com/dynamic/12664.1.2V5A6895-SN.jpg;https://galerias.vapf.com/dynamic/12668.1.2V5A6831-SN.jpg;https://galerias.vapf.com/dynamic/12672.1.2V5A6739-SN.jpg;https://galerias.vapf.com/dynamic/12676.1.2V5A6708-SN.jpg;https://galerias.vapf.com/dynamic/12682.1.PILOTO_06_Panoramica_01-SN.jpg;https://galerias.vapf.com/dynamic/12686.1.2V5A6957-SN.jpg;https://galerias.vapf.com/dynamic/12690.1.2V5A6932-SN.jpg;https://galerias.vapf.com/dynamic/12692.1.PILOTO_06_Panoramica_01-SN.jpg,38.713936,0.15871,0,0,585000,New Build,RFC24,APARTAMENTO
Cumbre del Sol,3,3,292,Modelo A; Planta 0 Dcha,new_home,https://galerias.vapf.com/dynamic/12664.1.2V5A6895-SN.jpg;https://galerias.vapf.com/dynamic/12668.1.2V5A6831-SN.jpg;https://galerias.vapf.com/dynamic/12672.1.2V5A6739-SN.jpg;https://galerias.vapf.com/dynamic/12676.1.2V5A6708-SN.jpg;https://galerias.vapf.com/dynamic/12682.1.PILOTO_06_Panoramica_01-SN.jpg;https://galerias.vapf.com/dynamic/12686.1.2V5A6957-SN.jpg;https://galerias.vapf.com/dynamic/12690.1.2V5A6932-SN.jpg;https://galerias.vapf.com/dynamic/12692.1.PILOTO_06_Panoramica_01-SN.jpg,38.713936,0.15871,0,0,599000,New Build,RFC12,APARTAMENTO
Cumbre del Sol,3,3,292,Modelo A; Planta 0 Izq,new_home,https://galerias.vapf.com/dynamic/12664.1.2V5A6895-SN.jpg;https://galerias.vapf.com/dynamic/12668.1.2V5A6831-SN.jpg;https://galerias.vapf.com/dynamic/12672.1.2V5A6739-SN.jpg;https://galerias.vapf.com/dynamic/12676.1.2V5A6708-SN.jpg;https://galerias.vapf.com/dynamic/12682.1.PILOTO_06_Panoramica_01-SN.jpg;https://galerias.vapf.com/dynamic/12686.1.2V5A6957-SN.jpg;https://galerias.vapf.com/dynamic/12690.1.2V5A6932-SN.jpg;https://galerias.vapf.com/dynamic/12692.1.PILOTO_06_Panoramica_01-SN.jpg,38.713936,0.15871,0,0,629000,New Build,RFC07,APARTAMENTO
Cumbre del Sol,3,3,317,Modelo A+; Planta +1 Dcha,new_home,https://galerias.vapf.com/dynamic/12664.1.2V5A6895-SN.jpg;https://galerias.vapf.com/dynamic/12668.1.2V5A6831-SN.jpg;https://galerias.vapf.com/dynamic/12672.1.2V5A6739-SN.jpg;https://galerias.vapf.com/dynamic/12676.1.2V5A6708-SN.jpg;https://galerias.vapf.com/dynamic/12682.1.PILOTO_06_Panoramica_01-SN.jpg;https://galerias.vapf.com/dynamic/12686.1.2V5A6957-SN.jpg;https://galerias.vapf.com/dynamic/12690.1.2V5A6932-SN.jpg;https://galerias.vapf.com/dynamic/12692.1.PILOTO_06_Panoramica_01-SN.jpg,38.713936,0.15871,0,0,650000,New Build,RFC06,APARTAMENTO
Cumbre del Sol,3,3,317,Modelo A+; Planta +1 Izq,new_home,https://galerias.vapf.com/dynamic/12664.1.2V5A6895-SN.jpg;https://galerias.vapf.com/dynamic/12668.1.2V5A6831-SN.jpg;https://galerias.vapf.com/dynamic/12672.1.2V5A6739-SN.jpg;https://galerias.vapf.com/dynamic/12676.1.2V5A6708-SN.jpg;https://galerias.vapf.com/dynamic/12682.1.PILOTO_06_Panoramica_01-SN.jpg;https://galerias.vapf.com/dynamic/12686.1.2V5A6957-SN.jpg;https://galerias.vapf.com/dynamic/12690.1.2V5A6932-SN.jpg;https://galerias.vapf.com/dynamic/12692.1.PILOTO_06_Panoramica_01-SN.jpg,38.713936,0.15871,0,0,672000,New Build,RFC01,APARTAMENTO
Altea,3,3,579,APART 09; PLANTA 3,new_home;pool;jacuzzi;home_automation;video_surveillance;alarm;interior_design_project,http://galerias.vapf.com/dynamic/10351.1.IMG_8764-b-SN-1080.jpg;http://galerias.vapf.com/dynamic/10359.1.IMG_8782-b-SN-1080.jpg;http://galerias.vapf.com/dynamic/10379.1.IMG_8917-b-SN-1080.jpg;http://galerias.vapf.com/dynamic/10391.1.IMG_8986-b-SN-1080.jpg;http://galerias.vapf.com/dynamic/10395.1.IMG_9036-b-SN-1080.jpg;http://galerias.vapf.com/dynamic/10427.1.IMG_9137-b-SN-1080.jpg;http://galerias.vapf.com/dynamic/10423.1.IMG_9127-b-SN-1080.jpg;http://galerias.vapf.com/dynamic/10415.1.IMG_9107-b-SN-1080.jpg;http://galerias.vapf.com/dynamic/10327.1.IMG_8652-b-SN-1080.jpg;http://galerias.vapf.com/dynamic/10343.1.IMG_8713-b-SN-1080.jpg,38.642435,-0.023486,0,1,1700000,New Build,HA009,APARTAMENTO
Cumbre del Sol,1,2,90,84-MAGNOLIAS,new_home,https://galerias.vapf.com/dynamic/7585.1.IMG_9103-sn.jpg;https://galerias.vapf.com/dynamic/7588.1.PC010048b-sn.jpg;https://galerias.vapf.com/dynamic/7590.1.IMG_9099-sn.jpg;https://galerias.vapf.com/dynamic/7592.1.IMG_9094b-sn.jpg;https://galerias.vapf.com/dynamic/7594.1.IMG_9106b-sn.jpg;https://galerias.vapf.com/dynamic/7596.1.IMG_9088b-sn.jpg;https://galerias.vapf.com/dynamic/7598.1.IMG_9089b-sn.jpg;https://galerias.vapf.com/dynamic/7600.1.IMG_9095-sn.jpg;https://galerias.vapf.com/dynamic/7602.1.IMG_9110b-sn.jpg;https://galerias.vapf.com/dynamic/7604.1.PC010037b-sn.jpg;https://galerias.vapf.com/dynamic/7606.1.PC010039b-sn.jpg;https://galerias.vapf.com/dynamic/7608.1.PC010049-sn.jpg,38.707663,0.159195,819,0,269000,New Build,AM084,VILLAS
Altea,4,3,295,MODELO I,new_home;pool,https://galerias.vapf.com/dynamic/10781.1.IMG_9942-b-SN.jpg;https://galerias.vapf.com/dynamic/10783.1.Fotolia_9179497_Subscription_L-SN.jpg;https://galerias.vapf.com/dynamic/10785.1.P1060444.MOV.Imagen+fija001-SN.jpg;https://galerias.vapf.com/dynamic/10787.1._DSC3823-b-sn.jpg;https://galerias.vapf.com/dynamic/10791.1.IMG_3242-b-SN.jpg;https://galerias.vapf.com/dynamic/10795.1.IMG_3207-b-SN.jpg;https://galerias.vapf.com/dynamic/10799.1.IMG_3250-b-SN.jpg;https://galerias.vapf.com/dynamic/10838.1.playa-altea01-SN.jpg;https://galerias.vapf.com/dynamic/12528.1.vlcsnap-2019-03-12-09h45m01s322.jpg;https://galerias.vapf.com/dynamic/12532.1.vlcsnap-2019-03-12-09h59m53s127.jpg;https://galerias.vapf.com/dynamic/12536.1.vlcsnap-2019-03-12-10h03m37s714.jpg;https://galerias.vapf.com/dynamic/12540.1.vlcsnap-2019-03-12-10h10m39s837.jpg;https://galerias.vapf.com/dynamic/8734.1.IMG_7716-b-SN.jpg;https://galerias.vapf.com/dynamic/8736.1.IMG_7769-SN.jpg;https://galerias.vapf.com/dynamic/8740.1.IMG_7783-b-SN.jpg;https://galerias.vapf.com/dynamic/8742.1.IMG_7634-b-SN.jpg;https://galerias.vapf.com/dynamic/8744.1.IMG_7638-b-SN.jpg;https://galerias.vapf.com/dynamic/8748.1.IMG_7648-b-SN.jpg;https://galerias.vapf.com/dynamic/8750.1.IMG_7654-b-SN.jpg;https://galerias.vapf.com/dynamic/8752.1.IMG_7670-b-SN.jpg;https://galerias.vapf.com/dynamic/8754.1.IMG_7675-b-SN.jpg;https://galerias.vapf.com/dynamic/8758.1.IMG_7683-b-SN.jpg;https://galerias.vapf.com/dynamic/8762.1.IMG_7700-b-SN.jpg;https://galerias.vapf.com/dynamic/8766.1.IMG_7703-b-SN.jpg;https://galerias.vapf.com/dynamic/8770.1.IMG_7731-b-SN.jpg;https://galerias.vapf.com/dynamic/8774.1.IMG_7739-b-SN.jpg;https://galerias.vapf.com/dynamic/8780.1.IMG_7760-b-SN.jpg;https://galerias.vapf.com/dynamic/8788.1.IMG_7854-b-SN.jpg;https://galerias.vapf.com/dynamic/8792.1.IMG_7862-b-SN.jpg;https://galerias.vapf.com/dynamic/8796.1.IMG_7869-b-SN.jpg;https://galerias.vapf.com/dynamic/8800.1.IMG_7875-b-SN.jpg;https://galerias.vapf.com/dynamic/8804.1.IMG_7880-b-SN.jpg;https://galerias.vapf.com/dynamic/8808.1.IMG_7886-b-SN.jpg;https://galerias.vapf.com/dynamic/8812.1.IMG_7894-b-SN.jpg;https://galerias.vapf.com/dynamic/8816.1.IMG_7908-b-SN.jpg;https://galerias.vapf.com/dynamic/8820.1.IMG_7920-b-SN.jpg;https://galerias.vapf.com/dynamic/8824.1.IMG_7927-b-SN.jpg;https://galerias.vapf.com/dynamic/8828.1.IMG_7944-b-SN.jpg;https://galerias.vapf.com/dynamic/8832.1.IMG_7949-b-SN.jpg;https://galerias.vapf.com/dynamic/8836.1.IMG_7965-b-SN.jpg;https://galerias.vapf.com/dynamic/8840.1.IMG_7972-b-SN.jpg;https://galerias.vapf.com/dynamic/8844.1.IMG_7992-b-SN.jpg;https://galerias.vapf.com/dynamic/8848.1.IMG_8004-b-SN.jpg;https://galerias.vapf.com/dynamic/8852.1.IMG_8016-b-SN.jpg;https://galerias.vapf.com/dynamic/8856.1.IMG_8026-b-SN.jpg,38.645001,-0.034391,0,1,585000,New Build,HC018,VILLAS
Cumbre del Sol,2,3,415,HIEDRA,new_home;pool;alarm;optional_livingroom;optional_bedroom;optional_bathroom;garden,https://galerias.vapf.com/dynamic/11010.1.2017-11_VISTA-01_EXTERIOR-CONJUNTO-VAPF-SN.jpg;https://galerias.vapf.com/dynamic/11014.1.2017-11_VISTA-02_EXTERIOR-CONJUNTO-VAPF-SN.jpg;https://galerias.vapf.com/dynamic/11019.1.2017-11_VISTA-03_EXTERIOR-CONJUNTO-VAPF-SN.jpg;https://galerias.vapf.com/dynamic/11023.1.IMG_2439-bb-SN.jpg;https://galerias.vapf.com/dynamic/11027.1.P1060462.MOV.Imagen-fija003-SN.jpg;https://galerias.vapf.com/dynamic/11031.1.DSCN1922-b-SN.jpg;https://galerias.vapf.com/dynamic/11035.1._DSC7094-b-SN.jpg;https://galerias.vapf.com/dynamic/11171.1._DSC7237-bb-SN.jpg;https://galerias.vapf.com/dynamic/12609.1.IMG_1283-b-SN.jpg;https://galerias.vapf.com/dynamic/11039.1.2017-11_EXTERIOR-02-SN.jpg;https://galerias.vapf.com/dynamic/11043.1.EXTERIOR-01_NOCTURNA-SN.jpg;https://galerias.vapf.com/dynamic/11047.1.2017-11_INTERIOR-01-SN.jpg;https://galerias.vapf.com/dynamic/11051.1.INTERIOR-02_DIURNA-SN.jpg,38.7075135,0.1580661,855,1,630000,New Build,AM120,VILLAS
Altea,5,4,313,MODELO J,new_home;pool,https://galerias.vapf.com/dynamic/10781.1.IMG_9942-b-SN.jpg;https://galerias.vapf.com/dynamic/10783.1.Fotolia_9179497_Subscription_L-SN.jpg;https://galerias.vapf.com/dynamic/10785.1.P1060444.MOV.Imagen+fija001-SN.jpg;https://galerias.vapf.com/dynamic/10787.1._DSC3823-b-sn.jpg;https://galerias.vapf.com/dynamic/10791.1.IMG_3242-b-SN.jpg;https://galerias.vapf.com/dynamic/10795.1.IMG_3207-b-SN.jpg;https://galerias.vapf.com/dynamic/10799.1.IMG_3250-b-SN.jpg;https://galerias.vapf.com/dynamic/10838.1.playa-altea01-SN.jpg;https://galerias.vapf.com/dynamic/12528.1.vlcsnap-2019-03-12-09h45m01s322.jpg;https://galerias.vapf.com/dynamic/12532.1.vlcsnap-2019-03-12-09h59m53s127.jpg;https://galerias.vapf.com/dynamic/12536.1.vlcsnap-2019-03-12-10h03m37s714.jpg;https://galerias.vapf.com/dynamic/12540.1.vlcsnap-2019-03-12-10h10m39s837.jpg;https://galerias.vapf.com/dynamic/8734.1.IMG_7716-b-SN.jpg;https://galerias.vapf.com/dynamic/8736.1.IMG_7769-SN.jpg;https://galerias.vapf.com/dynamic/8740.1.IMG_7783-b-SN.jpg;https://galerias.vapf.com/dynamic/8742.1.IMG_7634-b-SN.jpg;https://galerias.vapf.com/dynamic/8744.1.IMG_7638-b-SN.jpg;https://galerias.vapf.com/dynamic/8748.1.IMG_7648-b-SN.jpg;https://galerias.vapf.com/dynamic/8750.1.IMG_7654-b-SN.jpg;https://galerias.vapf.com/dynamic/8752.1.IMG_7670-b-SN.jpg;https://galerias.vapf.com/dynamic/8754.1.IMG_7675-b-SN.jpg;https://galerias.vapf.com/dynamic/8758.1.IMG_7683-b-SN.jpg;https://galerias.vapf.com/dynamic/8762.1.IMG_7700-b-SN.jpg;https://galerias.vapf.com/dynamic/8766.1.IMG_7703-b-SN.jpg;https://galerias.vapf.com/dynamic/8770.1.IMG_7731-b-SN.jpg;https://galerias.vapf.com/dynamic/8774.1.IMG_7739-b-SN.jpg;https://galerias.vapf.com/dynamic/8780.1.IMG_7760-b-SN.jpg;https://galerias.vapf.com/dynamic/8788.1.IMG_7854-b-SN.jpg;https://galerias.vapf.com/dynamic/8792.1.IMG_7862-b-SN.jpg;https://galerias.vapf.com/dynamic/8796.1.IMG_7869-b-SN.jpg;https://galerias.vapf.com/dynamic/8800.1.IMG_7875-b-SN.jpg;https://galerias.vapf.com/dynamic/8804.1.IMG_7880-b-SN.jpg;https://galerias.vapf.com/dynamic/8808.1.IMG_7886-b-SN.jpg;https://galerias.vapf.com/dynamic/8812.1.IMG_7894-b-SN.jpg;https://galerias.vapf.com/dynamic/8816.1.IMG_7908-b-SN.jpg;https://galerias.vapf.com/dynamic/8820.1.IMG_7920-b-SN.jpg;https://galerias.vapf.com/dynamic/8824.1.IMG_7927-b-SN.jpg;https://galerias.vapf.com/dynamic/8828.1.IMG_7944-b-SN.jpg;https://galerias.vapf.com/dynamic/8832.1.IMG_7949-b-SN.jpg;https://galerias.vapf.com/dynamic/8836.1.IMG_7965-b-SN.jpg;https://galerias.vapf.com/dynamic/8840.1.IMG_7972-b-SN.jpg;https://galerias.vapf.com/dynamic/8844.1.IMG_7992-b-SN.jpg;https://galerias.vapf.com/dynamic/8848.1.IMG_8004-b-SN.jpg;https://galerias.vapf.com/dynamic/8852.1.IMG_8016-b-SN.jpg;https://galerias.vapf.com/dynamic/8856.1.IMG_8026-b-SN.jpg,38.645001,-0.034391,0,1,668000,New Build,HC008,VILLAS
Cumbre del Sol,2,3,356,CRETA,new_home;pool;alarm;optional_livingroom;optional_bedroom;optional_bathroom;garden,https://galerias.vapf.com/dynamic/11324.1.00CRETA_VISTA01_DEF-SN.jpg;https://galerias.vapf.com/dynamic/11328.1.00CRETA_VISTA02_DEF-SN.jpg;https://galerias.vapf.com/dynamic/11332.1.00CRETA_VISTA03_DEF-SN.jpg;https://galerias.vapf.com/dynamic/11336.1.00CRETA_VISTA04_DEF-SN.jpg;https://galerias.vapf.com/dynamic/11340.1.00CRETA_VISTA05_DEF-SN.jpg;https://galerias.vapf.com/dynamic/11347.1.IMG_5530-SN.jpg;https://galerias.vapf.com/dynamic/11351.1.IMG_5531-SN.jpg;https://galerias.vapf.com/dynamic/11355.1.IMG_5645-SN.jpg,38.708885,0.159605,891,1,724000,New Build,AL213,VILLAS
Cumbre del Sol,2,3,384,CRETA,new_home;pool;alarm;optional_livingroom;optional_bedroom;optional_bathroom,https://galerias.vapf.com/dynamic/11324.1.00CRETA_VISTA01_DEF-SN.jpg;https://galerias.vapf.com/dynamic/11328.1.00CRETA_VISTA02_DEF-SN.jpg;https://galerias.vapf.com/dynamic/11332.1.00CRETA_VISTA03_DEF-SN.jpg;https://galerias.vapf.com/dynamic/11336.1.00CRETA_VISTA04_DEF-SN.jpg;https://galerias.vapf.com/dynamic/11340.1.00CRETA_VISTA05_DEF-SN.jpg;https://galerias.vapf.com/dynamic/11347.1.IMG_5530-SN.jpg;https://galerias.vapf.com/dynamic/11351.1.IMG_5531-SN.jpg;https://galerias.vapf.com/dynamic/11355.1.IMG_5645-SN.jpg,38.708885,0.159605,803,1,735000,New Build,AL209,VILLAS
Cumbre del Sol,2,3,290,CRETA,new_home;pool;garden,https://galerias.vapf.com/dynamic/11324.1.00CRETA_VISTA01_DEF-SN.jpg;https://galerias.vapf.com/dynamic/11328.1.00CRETA_VISTA02_DEF-SN.jpg;https://galerias.vapf.com/dynamic/11332.1.00CRETA_VISTA03_DEF-SN.jpg;https://galerias.vapf.com/dynamic/11336.1.00CRETA_VISTA04_DEF-SN.jpg;https://galerias.vapf.com/dynamic/11340.1.00CRETA_VISTA05_DEF-SN.jpg;https://galerias.vapf.com/dynamic/11347.1.IMG_5530-SN.jpg;https://galerias.vapf.com/dynamic/11351.1.IMG_5531-SN.jpg;https://galerias.vapf.com/dynamic/11355.1.IMG_5645-SN.jpg,38.708885,0.159605,695,1,740000,New Build,AL189,VILLAS
Altea,5,4,341,MODELO C,new_home;pool,https://galerias.vapf.com/dynamic/10781.1.IMG_9942-b-SN.jpg;https://galerias.vapf.com/dynamic/10783.1.Fotolia_9179497_Subscription_L-SN.jpg;https://galerias.vapf.com/dynamic/10785.1.P1060444.MOV.Imagen+fija001-SN.jpg;https://galerias.vapf.com/dynamic/10787.1._DSC3823-b-sn.jpg;https://galerias.vapf.com/dynamic/10791.1.IMG_3242-b-SN.jpg;https://galerias.vapf.com/dynamic/10795.1.IMG_3207-b-SN.jpg;https://galerias.vapf.com/dynamic/10799.1.IMG_3250-b-SN.jpg;https://galerias.vapf.com/dynamic/10838.1.playa-altea01-SN.jpg;https://galerias.vapf.com/dynamic/12528.1.vlcsnap-2019-03-12-09h45m01s322.jpg;https://galerias.vapf.com/dynamic/12532.1.vlcsnap-2019-03-12-09h59m53s127.jpg;https://galerias.vapf.com/dynamic/12536.1.vlcsnap-2019-03-12-10h03m37s714.jpg;https://galerias.vapf.com/dynamic/12540.1.vlcsnap-2019-03-12-10h10m39s837.jpg;https://galerias.vapf.com/dynamic/11902.1.2V5A0730-SN.jpg;https://galerias.vapf.com/dynamic/11906.1.2V5A0774-SN.jpg;https://galerias.vapf.com/dynamic/11910.1.2V5A0980-SN.jpg;https://galerias.vapf.com/dynamic/11914.1.2V5A1074-SN.jpg;https://galerias.vapf.com/dynamic/11919.1.2V5A1080-SN.jpg;https://galerias.vapf.com/dynamic/11923.1.2V5A1089-SN.jpg;https://galerias.vapf.com/dynamic/11927.1.2V5A1141-SN.jpg;https://galerias.vapf.com/dynamic/11931.1.2V5A1167-SN.jpg;https://galerias.vapf.com/dynamic/11935.1.2V5A1203-SN.jpg;https://galerias.vapf.com/dynamic/11939.1.2V5A1234-SN.jpg;https://galerias.vapf.com/dynamic/11943.1.2V5A1240-SN.jpg;https://galerias.vapf.com/dynamic/11947.1.2V5A1262-SN.jpg;https://galerias.vapf.com/dynamic/11951.1.PANO_2V5A1107-SN.jpg;https://galerias.vapf.com/dynamic/11955.1.PANO_BLANCA_ALETA_PILOTO_11_01-SN.jpg;https://galerias.vapf.com/dynamic/11959.1.PANO_SALON_PILOTO_11-SN.jpg,38.645001,-0.034391,0,1,760000,New Build,HC011,VILLAS
Cumbre del Sol,2,3,386,HIEDRA,new_home;pool;alarm;optional_livingroom;optional_bedroom;optional_bathroom;garden,https://galerias.vapf.com/dynamic/11010.1.2017-11_VISTA-01_EXTERIOR-CONJUNTO-VAPF-SN.jpg;https://galerias.vapf.com/dynamic/11014.1.2017-11_VISTA-02_EXTERIOR-CONJUNTO-VAPF-SN.jpg;https://galerias.vapf.com/dynamic/11019.1.2017-11_VISTA-03_EXTERIOR-CONJUNTO-VAPF-SN.jpg;https://galerias.vapf.com/dynamic/11023.1.IMG_2439-bb-SN.jpg;https://galerias.vapf.com/dynamic/11027.1.P1060462.MOV.Imagen-fija003-SN.jpg;https://galerias.vapf.com/dynamic/11031.1.DSCN1922-b-SN.jpg;https://galerias.vapf.com/dynamic/11035.1._DSC7094-b-SN.jpg;https://galerias.vapf.com/dynamic/11171.1._DSC7237-bb-SN.jpg;https://galerias.vapf.com/dynamic/12609.1.IMG_1283-b-SN.jpg;https://galerias.vapf.com/dynamic/11039.1.2017-11_EXTERIOR-02-SN.jpg;https://galerias.vapf.com/dynamic/11043.1.EXTERIOR-01_NOCTURNA-SN.jpg;https://galerias.vapf.com/dynamic/11047.1.2017-11_INTERIOR-01-SN.jpg;https://galerias.vapf.com/dynamic/11051.1.INTERIOR-02_DIURNA-SN.jpg,38.7075135,0.1580661,1299,1,785000,New Build,AM116,VILLAS
Cumbre del Sol,2,3,346,MIKONOS,new_home;pool,https://galerias.vapf.com/dynamic/10599.1.IMG_0975-b-SN.jpg;https://galerias.vapf.com/dynamic/10603.1.IMG_0995-b-SN.jpg;https://galerias.vapf.com/dynamic/10607.1.IMG_1003-b-SN.jpg;https://galerias.vapf.com/dynamic/10611.1.IMG_1039-b-SN.jpg;https://galerias.vapf.com/dynamic/10615.1.IMG_1093-b-SN.jpg;https://galerias.vapf.com/dynamic/10619.1.IMG_1108-b-SN.jpg;https://galerias.vapf.com/dynamic/10623.1.IMG_1116-b-SN.jpg;https://galerias.vapf.com/dynamic/10627.1.IMG_1133-b-SN.jpg;https://galerias.vapf.com/dynamic/10631.1.IMG_1180-b-SN.jpg;https://galerias.vapf.com/dynamic/10635.1.IMG_1189-b-SN.jpg;https://galerias.vapf.com/dynamic/10639.1.IMG_1218-b-SN.jpg;https://galerias.vapf.com/dynamic/10643.1.IMG_1252-b-SN.jpg;https://galerias.vapf.com/dynamic/10651.1.IMG_1303-b-SN.jpg;https://galerias.vapf.com/dynamic/10659.1.IMG_1329-b-SN.jpg;https://galerias.vapf.com/dynamic/10667.1.IMG_1350-b-SN.jpg;https://galerias.vapf.com/dynamic/10675.1.IMG_1377-b-SN.jpg;https://galerias.vapf.com/dynamic/10679.1.IMG_1409-b-SN.jpg;https://galerias.vapf.com/dynamic/10683.1.IMG_1444-b-SN.jpg;https://galerias.vapf.com/dynamic/10687.1.IMG_1428-b-SN.jpg;https://galerias.vapf.com/dynamic/10695.1.IMG_9779-b-SN.jpg;https://galerias.vapf.com/dynamic/10699.1.IMG_9793-b-SN.jpg;https://galerias.vapf.com/dynamic/10817.1.109L-15-SN.jpg;https://galerias.vapf.com/dynamic/10821.1.109L-18-SN.jpg;https://galerias.vapf.com/dynamic/10825.1.109L-16-SN.jpg;https://galerias.vapf.com/dynamic/10829.1.109L-6-SN.jpg;https://galerias.vapf.com/dynamic/10833.1.109L-9-SN.jpg,38.708885,0.159605,960,1,810000,New Build,AL109,VILLAS
Cumbre del Sol,2,3,406,MIKONOS,new_home;pool;alarm;optional_livingroom;optional_bedroom;optional_bathroom;garden,https://galerias.vapf.com/dynamic/10599.1.IMG_0975-b-SN.jpg;https://galerias.vapf.com/dynamic/10603.1.IMG_0995-b-SN.jpg;https://galerias.vapf.com/dynamic/10607.1.IMG_1003-b-SN.jpg;https://galerias.vapf.com/dynamic/10611.1.IMG_1039-b-SN.jpg;https://galerias.vapf.com/dynamic/10615.1.IMG_1093-b-SN.jpg;https://galerias.vapf.com/dynamic/10619.1.IMG_1108-b-SN.jpg;https://galerias.vapf.com/dynamic/10623.1.IMG_1116-b-SN.jpg;https://galerias.vapf.com/dynamic/10627.1.IMG_1133-b-SN.jpg;https://galerias.vapf.com/dynamic/10631.1.IMG_1180-b-SN.jpg;https://galerias.vapf.com/dynamic/10635.1.IMG_1189-b-SN.jpg;https://galerias.vapf.com/dynamic/10639.1.IMG_1218-b-SN.jpg;https://galerias.vapf.com/dynamic/10643.1.IMG_1252-b-SN.jpg;https://galerias.vapf.com/dynamic/10651.1.IMG_1303-b-SN.jpg;https://galerias.vapf.com/dynamic/10659.1.IMG_1329-b-SN.jpg;https://galerias.vapf.com/dynamic/10667.1.IMG_1350-b-SN.jpg;https://galerias.vapf.com/dynamic/10675.1.IMG_1377-b-SN.jpg;https://galerias.vapf.com/dynamic/10679.1.IMG_1409-b-SN.jpg;https://galerias.vapf.com/dynamic/10683.1.IMG_1444-b-SN.jpg;https://galerias.vapf.com/dynamic/10687.1.IMG_1428-b-SN.jpg;https://galerias.vapf.com/dynamic/10695.1.IMG_9779-b-SN.jpg;https://galerias.vapf.com/dynamic/10699.1.IMG_9793-b-SN.jpg;https://galerias.vapf.com/dynamic/10817.1.109L-15-SN.jpg;https://galerias.vapf.com/dynamic/10821.1.109L-18-SN.jpg;https://galerias.vapf.com/dynamic/10825.1.109L-16-SN.jpg;https://galerias.vapf.com/dynamic/10829.1.109L-6-SN.jpg;https://galerias.vapf.com/dynamic/10833.1.109L-9-SN.jpg,38.708885,0.159605,1178,1,830000,New Build,AL212,VILLAS
Cumbre del Sol,4,3,362,35-LIRIOS,new_home;pool;sauna;audio_multiroom;garden,https://galerias.vapf.com/dynamic/7516.1._DSC0533-1080.jpg;https://galerias.vapf.com/dynamic/7517.1._DSC0532-1080.jpg;https://galerias.vapf.com/dynamic/7518.1.DSC05177-1080.jpg;https://galerias.vapf.com/dynamic/7519.1._IGP9813-1080.jpg;https://galerias.vapf.com/dynamic/7520.1._DSC0516-1080.jpg;https://galerias.vapf.com/dynamic/7521.1._DSC0483-1080.jpg;https://galerias.vapf.com/dynamic/7522.1._DSC0416-1080.jpg;https://galerias.vapf.com/dynamic/7523.1._IGP9792-1080.jpg;https://galerias.vapf.com/dynamic/7524.1._IGP9807-1080.jpg;https://galerias.vapf.com/dynamic/7525.1._DSC0390-1080.jpg;https://galerias.vapf.com/dynamic/7526.1.salon-planta-baja-1080.jpg;https://galerias.vapf.com/dynamic/7527.1._DSC0439--1080.jpg;https://galerias.vapf.com/dynamic/7528.1._IGP9790-1080.jpg;https://galerias.vapf.com/dynamic/7529.1.DSC05179--1080.jpg;https://galerias.vapf.com/dynamic/7530.1.DSC05190--1080.jpg;https://galerias.vapf.com/dynamic/7531.1.IMGP1534--sn.jpg;https://galerias.vapf.com/dynamic/7532.1.IMGP6167-sn.jpg;https://galerias.vapf.com/dynamic/7533.1.IMGP6174-sn.jpg;https://galerias.vapf.com/dynamic/7534.1.lirios-35-13-sn.jpg;https://galerias.vapf.com/dynamic/7535.1.IMGP6239-sn.jpg;https://galerias.vapf.com/dynamic/7536.1.DSC05171--sn.jpg;https://galerias.vapf.com/dynamic/7537.1._DSC0476--sn.jpg;https://galerias.vapf.com/dynamic/7538.1._DSC0492--sn.jpg;https://galerias.vapf.com/dynamic/7539.1._IGP9758-sn.jpg;https://galerias.vapf.com/dynamic/7540.1.VY0N4008-sn.jpg;https://galerias.vapf.com/dynamic/7541.1.IMGP6273-sn.jpg;https://galerias.vapf.com/dynamic/7542.1.IMG_8684-sn.jpg;https://galerias.vapf.com/dynamic/7543.1.IMG_8936+copia-sn.jpg,38.711627,0.155578,700,1,832000,New Build,AL035,VILLAS
Cumbre del Sol,3,3,320,CORAL,new_home;pool;home_automation,http://galerias.vapf.com/dynamic/3459.1.3459_coral3-b-1080.jpg;http://galerias.vapf.com/dynamic/3460.1.3460_coral-b-1080.jpg;http://galerias.vapf.com/dynamic/3461.1.3461_coral2-1080.jpg;http://galerias.vapf.com/dynamic/3640.1.3640_VF_Axo_Coral_P1_final-1080.jpg;http://galerias.vapf.com/dynamic/3639.1.3639_VF_Axo_Coral_P0_final-1080.jpg;http://galerias.vapf.com/dynamic/3466.1.3466_Fotolia_5490442_Subscription_L-1080.jpg;http://galerias.vapf.com/dynamic/3465.1.3465_Fotolia_3509834_Subscription_L-1080.jpg;http://galerias.vapf.com/dynamic/3464.1.3464_Fotolia_3157943_Subscription_L-1080.jpg,38.711627,0.155578,788,1,916040,New Build,AL033,VILLAS
Cumbre del Sol,3,3,325,BARENTS,new_home;pool;home_automation,http://galerias.vapf.com/dynamic/3617.1.3617_01-P1010460-b-1080.jpg;http://galerias.vapf.com/dynamic/3623.1.3623_03i-P1010446-01-1080.jpg;http://galerias.vapf.com/dynamic/3622.1.3622_02i-P1010443-01-1080.jpg;http://galerias.vapf.com/dynamic/3621.1.3621_01i-P1010439-1080.jpg;http://galerias.vapf.com/dynamic/3620.1.3620_05-P1010434-01-1080.jpg;http://galerias.vapf.com/dynamic/3619.1.3619_04-P1010432-01-1080.jpg;http://galerias.vapf.com/dynamic/3618.1.3618_03-P1010357-01-1080.jpg,38.711627,0.155578,974,1,943706,New Build,AL011,VILLAS
Cumbre del Sol,3,4,405,SIROS XL,new_home;pool;garden,https://galerias.vapf.com/dynamic/11779.1.SirosXL_180607_00001-SN.jpg;https://galerias.vapf.com/dynamic/11781.1.SirosXL_180607_00002-SN.jpg;https://galerias.vapf.com/dynamic/11785.1.SirosXL_180607_00005-SN.jpg;https://galerias.vapf.com/dynamic/11789.1.SirosXL_180607_00006-SN.jpg,38.708885,0.159605,812,1,980000,New Build,AL114,VILLAS
Cumbre del Sol,3,3,355,ALBOR,new_home;pool,https://galerias.vapf.com/dynamic/8258.1.IMG_6880-b-sn.jpg;https://galerias.vapf.com/dynamic/8262.1.VISTA+DETALLE+07+FINAL-sn.jpg;https://galerias.vapf.com/dynamic/8266.1.VISTA+DETALLE+08+FINAL-sn.jpg;https://galerias.vapf.com/dynamic/9582.1.DSCN1922-b-SN.jpg;https://galerias.vapf.com/dynamic/9586.1.P1060462.MOV.Imagen+fija003-SN.jpg;https://galerias.vapf.com/dynamic/9590.1._DSC7094-b-SN.jpg;https://galerias.vapf.com/dynamic/9594.1._DSC7237-bb-SN.jpg;https://galerias.vapf.com/dynamic/9598.1._DSC6517-b-SN.jpg;https://galerias.vapf.com/dynamic/9870.1.VISTA-DETALLE-08-FINAL-2ampliado-SN.jpg;https://galerias.vapf.com/dynamic/12545.1.IMG_8845-SN.jpg;https://galerias.vapf.com/dynamic/12549.1.58L_181221_DAY_def_00000-SN.jpg;https://galerias.vapf.com/dynamic/12553.1.60L_181221_NIGHT_DEF_00000-SN.jpg;https://galerias.vapf.com/dynamic/12557.1.IMG_7829-b-SN.jpg;https://galerias.vapf.com/dynamic/8274.1.VISTA+DETALLE+01_FINAL-sn.jpg;https://galerias.vapf.com/dynamic/8278.1.VISTA+DETALLE+05_FINAL-sn.jpg;https://galerias.vapf.com/dynamic/8282.1.VISTA+DETALLE+06+FINAL-sn.jpg;https://galerias.vapf.com/dynamic/10129.1.Aseo-2-2-SN.jpg;https://galerias.vapf.com/dynamic/10133.1.Ba%C3%B1o_P-3-SN.jpg;https://galerias.vapf.com/dynamic/10137.1.Ba%C3%B1o2d-3-3-SN.jpg;https://galerias.vapf.com/dynamic/10141.1.dorm_1-3-SN.jpg;https://galerias.vapf.com/dynamic/10149.1.Dorm_P_2-3-SN.jpg;https://galerias.vapf.com/dynamic/10153.1.Dorm_P_2-SN.jpg;https://galerias.vapf.com/dynamic/10157.1.dorm_2-3-SN.jpg;https://galerias.vapf.com/dynamic/10209.1.Cocina-SN.jpg;https://galerias.vapf.com/dynamic/10213.1.SalonLiriosSunrise-SN.jpg;https://galerias.vapf.com/dynamic/11070.1.IMG_8794-SN.jpg;https://galerias.vapf.com/dynamic/11074.1.IMG_8845-SN.jpg;https://galerias.vapf.com/dynamic/11078.1.Pano_01-SN.jpg;https://galerias.vapf.com/dynamic/11082.1.IMG_8731-SN.jpg;https://galerias.vapf.com/dynamic/11208.1.IMG_1799-SN.jpg;https://galerias.vapf.com/dynamic/11457.1.2V5A3394-SN.jpg;https://galerias.vapf.com/dynamic/11461.1.2V5A3421-SN.jpg,38.711161,0.15671,853,1,985000,New Build,AL029,VILLAS
Cumbre del Sol,3,3,440,RODAS,new_home;pool;alarm;optional_livingroom;optional_bedroom;optional_bathroom;garden,https://galerias.vapf.com/dynamic/11755.1.VISTA+DESDE+PISCINA+FINAL-SN.jpg;https://galerias.vapf.com/dynamic/11759.1.VISTA+NOCTURNA+FINAL-SN.jpg;https://galerias.vapf.com/dynamic/11763.1.VISTA+POSTERIOR+FINAL-SN.jpg;https://galerias.vapf.com/dynamic/11767.1.VISTA+PRINCIPAL+FINAL-SN.jpg;https://galerias.vapf.com/dynamic/11771.1.VISTA+SALO+3+FINAL-SN.jpg,38.708885,0.159605,921,1,985000,New Build,AL210,VILLAS
Cumbre del Sol,3,3,473,RODAS,new_home;pool;alarm;optional_livingroom;optional_bedroom;optional_bathroom;garden,https://galerias.vapf.com/dynamic/11755.1.VISTA+DESDE+PISCINA+FINAL-SN.jpg;https://galerias.vapf.com/dynamic/11759.1.VISTA+NOCTURNA+FINAL-SN.jpg;https://galerias.vapf.com/dynamic/11763.1.VISTA+POSTERIOR+FINAL-SN.jpg;https://galerias.vapf.com/dynamic/11767.1.VISTA+PRINCIPAL+FINAL-SN.jpg;https://galerias.vapf.com/dynamic/11771.1.VISTA+SALO+3+FINAL-SN.jpg,38.708885,0.159605,936,1,1021000,New Build,AL208,VILLAS
Cumbre del Sol,2,3,378,KARA,new_home;pool;home_automation,http://galerias.vapf.com/dynamic/5267.1.5267_IMG_5301-2 montado ii-1080.jpg;http://galerias.vapf.com/dynamic/5273.1.5273_IMG_5332-1080.jpg;http://galerias.vapf.com/dynamic/5282.1.5282_IMG_5365-1080.jpg;http://galerias.vapf.com/dynamic/9389.1.IMG_5353-1920-1080.jpg;http://galerias.vapf.com/dynamic/5288.1.5288_vapf 1 + tv-1080.jpg;http://galerias.vapf.com/dynamic/5303.1.5303_Bart Vapf 069-1080.jpg;http://galerias.vapf.com/dynamic/5297.1.5297_Bart Vapf 065-1080.jpg;http://galerias.vapf.com/dynamic/5285.1.5285_IMG_5404-1080.jpg;http://galerias.vapf.com/dynamic/5312.1.5312_Bart Vapf 080-1080.jpg,38.713526,0.154102,1161,1,1087799,New Build,AJ064,VILLAS
Cumbre del Sol,3,4,507,SIROS XL,new_home;pool;garden,https://galerias.vapf.com/dynamic/11779.1.SirosXL_180607_00001-SN.jpg;https://galerias.vapf.com/dynamic/11781.1.SirosXL_180607_00002-SN.jpg;https://galerias.vapf.com/dynamic/11785.1.SirosXL_180607_00005-SN.jpg;https://galerias.vapf.com/dynamic/11789.1.SirosXL_180607_00006-SN.jpg,38.708885,0.159605,1150,1,1090000,New Build,AL177,VILLAS
Cumbre del Sol,2,3,454,ITACA,new_home;pool;alarm;optional_livingroom;optional_bedroom;optional_bathroom;garden,https://galerias.vapf.com/dynamic/11536.1.1_B_day_HQ_00003-SN.jpg;https://galerias.vapf.com/dynamic/11540.1.1_C_nig_HQ_00000-SN.jpg;https://galerias.vapf.com/dynamic/11544.1.B_day_HQ_00000-SN.jpg;https://galerias.vapf.com/dynamic/11548.1.B_day_HQ_00001-SN.jpg;https://galerias.vapf.com/dynamic/11552.1.B_day_HQ_00002-SN.jpg,38.713526,0.154102,910,1,1265000,New Build,AJ160,VILLAS
Cumbre del Sol,2,3,395,ITACA,new_home;pool;alarm;optional_livingroom;optional_bedroom;optional_bathroom;garden,https://galerias.vapf.com/dynamic/11536.1.1_B_day_HQ_00003-SN.jpg;https://galerias.vapf.com/dynamic/11540.1.1_C_nig_HQ_00000-SN.jpg;https://galerias.vapf.com/dynamic/11544.1.B_day_HQ_00000-SN.jpg;https://galerias.vapf.com/dynamic/11548.1.B_day_HQ_00001-SN.jpg;https://galerias.vapf.com/dynamic/11552.1.B_day_HQ_00002-SN.jpg,38.713526,0.154102,885,1,1290000,New Build,AJ161,VILLAS
Cumbre del Sol,5,3,534,Villa LLEBEIG,new_home;pool;alarm;garden,https://galerias.vapf.com/dynamic/12103.1.59J_181210_DAY_00000-SN.jpg;https://galerias.vapf.com/dynamic/12107.1.59J_181210_DAY_00001-SN.jpg;https://galerias.vapf.com/dynamic/12111.1.59J_181210_DAY_00002-SN.jpg;https://galerias.vapf.com/dynamic/12115.1.59J_181210_NIGHT_.0000_00000-SN.jpg;https://galerias.vapf.com/dynamic/12119.1.59J_181211_INT_00000-SN.jpg;https://galerias.vapf.com/dynamic/12124.1.59J_181211_INT_00001-SN.jpg,38.713526,0.154102,826,1,1342000,New Build,AJ059,VILLAS
Cumbre del Sol,4,3,662,Villa Bellavista,new_home;pool;jacuzzi,https://galerias.vapf.com/dynamic/10036.1.VISTA+PRINCIPAL+01+FINAL-SN.jpg;https://galerias.vapf.com/dynamic/10041.1.VISTA+PRINCIPAL+02+FINAL-SN.jpg;https://galerias.vapf.com/dynamic/10045.1.VISTA+PRINCIPAL+04+FINAL-SN.jpg;https://galerias.vapf.com/dynamic/10049.1.VISTA+PRINCIPAL+05+FINAL-SN.jpg;https://galerias.vapf.com/dynamic/10113.1.VISTA+DESDE+TERRAZA+250J-SN.jpg;https://galerias.vapf.com/dynamic/10121.1.IMG_6791-b-SN.jpg;https://galerias.vapf.com/dynamic/10125.1.IMG_6818-b-SN.jpg,38.713526,0.154102,980,1,1356000,New Build,AJ250,VILLAS
Cumbre del Sol,4,3,542,Villa del PUERTO,new_home;pool,https://galerias.vapf.com/dynamic/10549.1.93J-01-SN.jpg;https://galerias.vapf.com/dynamic/10555.1.93J-04-SN.jpg;https://galerias.vapf.com/dynamic/10559.1.93J-05-SN.jpg;https://galerias.vapf.com/dynamic/10563.1.93J-06-SN.jpg;https://galerias.vapf.com/dynamic/10567.1.IMG_7526-b-SN.jpg;https://galerias.vapf.com/dynamic/10571.1.IMG_7529-b-SN.jpg;https://galerias.vapf.com/dynamic/10575.1.93J-VISTA-OPUESTASALON2-SN.jpg,38.713526,0.154102,932,1,1395000,New Build,AJ093,VILLAS
Cumbre del Sol,4,3,565,Villa LA MAR,new_home;pool;jacuzzi,https://galerias.vapf.com/dynamic/8336.1.IMG_6479-b-sn.jpg;https://galerias.vapf.com/dynamic/8340.1.IMG_6480-b-sn.jpg;https://galerias.vapf.com/dynamic/8355.1.GRUPO+VAPF+-+VIV+255+J+-+00+-+VISTA+ASEO+CORTESIA-sn.jpg;https://galerias.vapf.com/dynamic/8359.1.GRUPO+VAPF+-+VIV+255+J+-+00+-+VISTA+COCINA-sn.jpg;https://galerias.vapf.com/dynamic/8363.1.GRUPO+VAPF+-+VIV+255+J+-+00+-+VISTA+DORMITORIO+PRINCIPAL-sn.jpg;https://galerias.vapf.com/dynamic/8367.1.GRUPO+VAPF+-+VIV+255+J+-+00+-+VISTA+ESCALERA-sn.jpg;https://galerias.vapf.com/dynamic/8371.1.GRUPO+VAPF+-+VIV+255+J+-+00+-+VISTA+HABITACION+2-sn.jpg;https://galerias.vapf.com/dynamic/8375.1.GRUPO+VAPF+-+VIV+255+J+-+00+-+VISTA+HABITACION+PRINCIPAL+DESDE+BA%C3%91O-sn.jpg;https://galerias.vapf.com/dynamic/8379.1.GRUPO+VAPF+-+VIV+255+J+-+00+-+VISTA+PASILLO-sn.jpg;https://galerias.vapf.com/dynamic/8383.1.GRUPO+VAPF+-+VIV+255+J+-+00+-+VISTA+SAL%C3%93+TERRASA-sn.jpg;https://galerias.vapf.com/dynamic/8862.1.VISTA+2+FINAL+rectificada-SM.jpg;https://galerias.vapf.com/dynamic/8864.1.VISTA+4+variante+FINAL+rectificada-SM.jpg;https://galerias.vapf.com/dynamic/8868.1.VISTA+5+desde+terraza+NOCTURNA-SM.jpg;https://galerias.vapf.com/dynamic/10964.1.IMG_5509-SN.jpg;https://galerias.vapf.com/dynamic/10968.1.IMG_5497-SN.jpg;https://galerias.vapf.com/dynamic/10972.1.IMG_5813-SN.jpg;https://galerias.vapf.com/dynamic/10976.1.IMG_5422-SN.jpg;https://galerias.vapf.com/dynamic/10980.1.IMG_5400-SN.jpg;https://galerias.vapf.com/dynamic/10984.1.IMG_5392-SN.jpg;https://galerias.vapf.com/dynamic/10988.1.IMG_5353-SN.jpg;https://galerias.vapf.com/dynamic/10992.1.IMG_5318-SN.jpg;https://galerias.vapf.com/dynamic/10720.1.VISTA+02+LATERAL+final-SN.jpg;https://galerias.vapf.com/dynamic/10724.1.VISTA+03+final-SN.jpg;https://galerias.vapf.com/dynamic/10728.1.VISTA+DESDE+PISCINA+final-SN.jpg;https://galerias.vapf.com/dynamic/10732.1.VISTA+FRONTAL+final-SN.jpg;https://galerias.vapf.com/dynamic/10736.1.VISTA+NOCTURNA+final-SN.jpg;https://galerias.vapf.com/dynamic/10740.1.VISTA+NOCTURNA+FRONTAL+final-SN.jpg,38.713526,0.154102,1025,1,1422000,New Build,AJ254,VILLAS
Cumbre del Sol,5,3,579,Villa ESTRELLA,new_home;pool;alarm;optional_livingroom;optional_bedroom;optional_bathroom;garden,https://galerias.vapf.com/dynamic/12229.1.5_68J_vapf_night_00000-SN.jpg;https://galerias.vapf.com/dynamic/12234.1.5_68J_vapf_day_00000-SN.jpg;https://galerias.vapf.com/dynamic/12238.1.5_68J_vapf_day_00003-SN.jpg;https://galerias.vapf.com/dynamic/12242.1.5_68J_vapf_day_00004-SN.jpg;https://galerias.vapf.com/dynamic/12246.1.1_68J_vapf_int_.0002_00000_cambio-SN.jpg,38.713526,0.154102,1098,1,1560000,New Build,AJ068,VILLAS
Cumbre del Sol,4,3,707,Villa Ifach,new_home;pool;home_automation,https://galerias.vapf.com/dynamic/8387.1.IMG_7051-b-sn.jpg;https://galerias.vapf.com/dynamic/8458.1.VISTA+01+190M-sn.jpg;https://galerias.vapf.com/dynamic/8460.1.VISTA+GENERAL+02+190M-sn.jpg;https://galerias.vapf.com/dynamic/8464.1.VISTA+06+INTERIOR+SALO+190M-sn.jpg;https://galerias.vapf.com/dynamic/8466.1.VISTA+DETALLE+05+190M-sn.jpg;https://galerias.vapf.com/dynamic/8472.1.PLANTA+ALTA+FINAL+190M-sn.jpg;https://galerias.vapf.com/dynamic/8476.1.PLANTA+BAJA+FINAL+190M-sn.jpg;https://galerias.vapf.com/dynamic/8480.1.PLANTA+SOTANO+FINAL+190M-sn.jpg,38.707597,0.155936,1089,1,1700000,New Build,AM190,VILLAS
Cumbre del Sol,4,3,638,Villa LA TORRE,new_home;pool,https://galerias.vapf.com/dynamic/10516.1.la-torre03-1-SN.jpg;https://galerias.vapf.com/dynamic/10520.1.la-torre05-1-contra-SN.jpg;https://galerias.vapf.com/dynamic/10524.1.la-torre06-2-SN.jpg;https://galerias.vapf.com/dynamic/10529.1.la-torre08-contra-SN.jpg;https://galerias.vapf.com/dynamic/10533.1.la-torre09-contra1-35-SN.jpg;https://galerias.vapf.com/dynamic/10537.1.la-torre11-contra1-SN.jpg;https://galerias.vapf.com/dynamic/10541.1.la-torre12-SN.jpg;https://galerias.vapf.com/dynamic/10545.1.vista4-contra1-SN.jpg;https://galerias.vapf.com/dynamic/10703.1.150J-03-1-nocturna-df-SN.jpg;https://galerias.vapf.com/dynamic/10707.1.150J-11-contra1-nocturna-df-SN.jpg;https://galerias.vapf.com/dynamic/10711.1.150J-vista4-contra1-nocturna-df-SN.jpg,38.713526,0.154102,1103,1,1710000,New Build,AJ150,VILLAS
Cumbre del Sol,6,5,521,Villa Dels Arcs,new_home;pool;sauna;jacuzzi;home_automation;audio_multiroom;garden,https://galerias.vapf.com/dynamic/8405.1.lujo2_derecha_fin_v2-sn.jpg;https://galerias.vapf.com/dynamic/8406.1.lujo2_detras-sn.jpg;https://galerias.vapf.com/dynamic/8407.1.dentro-sn.jpg;https://galerias.vapf.com/dynamic/8408.1.lujo2_izquierda_v3-sn.jpg;https://galerias.vapf.com/dynamic/8409.1.lujo2-sn.jpg;https://galerias.vapf.com/dynamic/8410.1.3-sn.+3D+CUINA.jpg;https://galerias.vapf.com/dynamic/8411.1.4-sn.+3D+HABITACI%C3%93.jpg;https://galerias.vapf.com/dynamic/8412.1.5-sn.+3D+MENJADOR.jpg;https://galerias.vapf.com/dynamic/8413.1.6-sn.+3D+BANY.jpg;https://galerias.vapf.com/dynamic/8414.1.1-sn.+PLANTA+ALTA.jpg;https://galerias.vapf.com/dynamic/8415.1.2-sn.+PLANTA+SOTANO.jpg,38.709631,0.157915,1853,1,2184899,New Build,AL120,VILLAS
Cumbre del Sol,7,6,1147,Villa la Cala,new_home;pool,https://galerias.vapf.com/dynamic/10011.1.VF_Jazmines66_Derecha_F-SN.jpg;https://galerias.vapf.com/dynamic/10015.1.VF_Jazmines66_Frontal_F-SN.jpg;https://galerias.vapf.com/dynamic/10019.1.VF_Jazmines66_Izquierda_F-SN.jpg;https://galerias.vapf.com/dynamic/10023.1.VF_Jazmines66_Lateral_F-SN.jpg,38.713526,0.154102,2393,1,2450000,New Build,AJ067,VILLAS
Cumbre del Sol,6,4,697,Villa Llorença,new_home;pool;home_automation;garden,https://galerias.vapf.com/dynamic/8416.1.detras_fin+copia2-sn.jpg;https://galerias.vapf.com/dynamic/8417.1.lujo4_arriba_fin_v2-sn.jpg;https://galerias.vapf.com/dynamic/8418.1.lujo4-sn.jpg;https://galerias.vapf.com/dynamic/8419.1.piscina_fin-sn.jpg;https://galerias.vapf.com/dynamic/8420.1.SAL%C3%93-MENJADOR-sn.jpg;https://galerias.vapf.com/dynamic/8421.1.BANY+PRINCIPAL-sn.jpg;https://galerias.vapf.com/dynamic/8422.1.CUINA+-sn.jpg;https://galerias.vapf.com/dynamic/8423.1.ENTRADA+-sn.jpg;https://galerias.vapf.com/dynamic/8424.1.HAB+PRINCIPAL+-sn.jpg;https://galerias.vapf.com/dynamic/8425.1.SALA-ESTAR+-sn.jpg;https://galerias.vapf.com/dynamic/8426.1.AXONOMETRICA-sn.jpg,38.713526,0.154102,1932,1,2621555,New Build,AJ233,VILLAS
